## 2주차 Real MySQL 문제
#### 출제자: 강주희

### 1. 문제
다음 쿼리문과 같이 dev01 계정에 role_srv_read 역할(Role)을 부여하여 사용하려고 합니다. 
사용자가 dev01 계정으로 로그인해서 service DB의 데이터를 조회하려고 하면 권한이 없다는 에러가 발생합니다.
다음 쿼리문과 조회값을 보고 그 원인과 해결 방법을 쓰시오.
.
<쿼리문>
```
linux# mysql -uroot -p
mysql> CREATE ROLE role_srv_read;
mysql> GRANT SELECT ON service.* TO role_srv_read;
mysql> CREATE USER dev01@'127.0.0.1' IDENTIFIED BY 'qwerty';
mysql> SELECT user, host, account_locked FROM mysql.user WHERE user NOT LIKE 'mysql.%';
+---------------+-----------+----------------+
| user          | host      | account_locked |
+---------------+-----------+----------------+
| role_srv_read | %         | Y              |
| dev01         | 127.0.0.1 | N              |
| root          | localhost | N              |
+---------------+-----------+----------------+
3 rows in set, 1 warning (0.00 sec)

mysql> GRANT role_srv_read TO dev01@'127.0.0.1';
mysql> SHOW GRANTS FOR role_srv_read;
+----------------------------------------------------+
| Grants for role_srv_read@%                         |
+----------------------------------------------------+
| GRANT USAGE ON *.* TO `role_srv_read`@`%`          |
| GRANT SELECT ON `service`.* TO `role_srv_read`@`%` |
+----------------------------------------------------+
2 rows in set (0.00 sec)
mysql> exit

linux# mysql -h 127.0.0.1 -udev01 -p
mysql> SELECT * FROM service.professor LIMIT 10;
ERROR 1142 (42000): SELECT command denied to user 'dev01'@'localhost' for table 'professor'

mysql> SELECT current_role();
+----------------+
| current_role() |
+----------------+
| NONE           |
+----------------+
1 row in set (0.00 sec)

mysql> SHOW DATABASES;
+--------------------+
| Database           |
+--------------------+
| information_schema |
+--------------------+
1 row in set (0.00 sec)
```

#### 답
- 원인: role_srv_read 역할(Role)이 활성화되지 않음
- 해결 방법: 명령어 > SET ROLE 'role_srv_read' 로 해당역할 활성화


### 2. 다음 쿼리문에 대한 설명으로 옳은 것을 고르시오.
```
mysql> GRANT SELECT,INSERT,DELETE,UPDATE(salary) ON employees.department TO 'ops02'@'localhsot';
```
- (1) ops02 계정은 employees 내부의 테이블에 대한 모든 권한을 가지고 있다.
- (2) ops02 계정은 employees 내부의 테이블과 스토어드 프로그램에 대한 모든 권한을 가지고 있다.
- (3) ops02 계정은 employees.department 테이블에서 salary 칼럼에 대해서만 SELECT,INSERT,DELETE,UPDATE가 가능하다.
- (4) ops02 계정은 employees.department 테이블에서 salary 칼럼은 UPDATE가 가능하고, 나머지 칼럼은 SELECT,INSERT,DELETE 가 가능하다.
- (5) ops02 계정은 employees.department 테이블에서 salary 칼럼은 UPDATE가 불가능하고, 나머지 칼럼은 SELECT,INSERT,DELETE,UPDATE 가 가능하다.

#### 답: 4번 

---

#### 출제자: 이남준

### 1. 다음과 같은 조건을 만족하는 비밀번호를 세팅하도록 하기 위해 시스템 변수를 설정하고자 한다. 실행해야할 명령어를 나열하시오.
- 비밀번호의 총 길이는 10자 이상이어야 한다.
- 대소문자가 6개 이상 포함되어야 한다.
- 숫자가 2개 이상 포함되어야 한다.
- 특수문자가 2개 이상 포함되어야 한다.
- 이 모든 세팅들은 MySQL이 재부팅 된 이후에도 유지되어야 한다.

답:
- `SET PERSIST validate_password.length=10`
- `SET PERSIST validate_password.mixed_case_count=6`
- `SET PERSIST validate_password.number_count=2`
- `SET PERSIST validate_password.special_char_count=2`


### 2. 다음 내용이 맞는지 틀린지 O, X를 채워넣으시오.
1. DB 권한은 특정 DB에만 권한을 부여하거나 서버에 존재하는 모든 DB에 권한을 부여할 수 있지만,<br>
   테이블 권한은 모든 DB에 권한 부여가 불가능하다. ( ? )
2. MySQL 서버 내부적으로 계정과 역할은 아무런 차이가 없다. ( ? )
3. `CREATE ROLE` 명령으로 역할을 생성할 때에는 호스트 부분을 별도로 명시해야 한다. ( ? )

답: X / O / X

