## 2주차 Real MySQL 문제
#### 출제자: 안해원

### 1. 다음중 맞는것을 모두고르시오
- 가. 일반계정도 시스템 계정을 관리할 수 있다
- 나. GRANT 명령으로 권한부여와 계정생성이 가능하다(MySQL 8.0기준)
- 다. 테이블권한은 서버의 모든 DB에 대해 권한을 부여할 수 있다.
- 라. 글로벌 권한은 특정 DB나 테이블에 부여될 수 없다.

답: 다, 라

### 2. 다음 명령어가 수행하는것을 설명하시오. 
mysql> GRANT ALL PRIVILEGES ON testDb.* TO ahw@localhost IDENTIFIED BY '1234'

답: 사용자 계정 'ahw'이 localhost에서 접속할 때 testDB의 전체 테이블에 대해 모든 서버 관리 권한을 부여한다. ~~(비밀번호는 1234이다.)~~

#### 오답노트
_계정 생성과 권한을 부여함과 동시에 비밀번호를 1234로 설정한다._


---
#### 출제자: 강주희

### 1. 문제
다음 쿼리문과 같이 dev01 계정에 role_srv_read 역할(Role)을 부여하여 사용하려고 합니다. 
사용자가 dev01 계정으로 로그인해서 service DB의 데이터를 조회하려고 하면 권한이 없다는 에러가 발생합니다.
다음 쿼리문과 조회값을 보고 그 원인과 해결 방법을 쓰시오.

<쿼리문>
```
linux# mysql -uroot -p
mysql> CREATE ROLE role_srv_read;
mysql> GRANT SELECT ON service.* TO role_srv_read;
mysql> CREATE USER dev01@'127.0.0.1' IDENTIFIED BY 'qwerty';
mysql> SELECT user, host, account_locked FROM mysql.user WHERE user NOT LIKE 'mysql.%';
+---------------+-----------+----------------+
| user          | host      | account_locked |
+---------------+-----------+----------------+
| role_srv_read | %         | Y              |
| dev01         | 127.0.0.1 | N              |
| root          | localhost | N              |
+---------------+-----------+----------------+
3 rows in set, 1 warning (0.00 sec)

mysql> GRANT role_srv_read TO dev01@'127.0.0.1';
mysql> SHOW GRANTS FOR role_srv_read;
+----------------------------------------------------+
| Grants for role_srv_read@%                         |
+----------------------------------------------------+
| GRANT USAGE ON *.* TO `role_srv_read`@`%`          |
| GRANT SELECT ON `service`.* TO `role_srv_read`@`%` |
+----------------------------------------------------+
2 rows in set (0.00 sec)
mysql> exit

linux# mysql -h 127.0.0.1 -udev01 -p
mysql> SELECT * FROM service.professor LIMIT 10;
ERROR 1142 (42000): SELECT command denied to user 'dev01'@'localhost' for table 'professor'

mysql> SELECT current_role();
+----------------+
| current_role() |
+----------------+
| NONE           |
+----------------+
1 row in set (0.00 sec)

mysql> SHOW DATABASES;
+--------------------+
| Database           |
+--------------------+
| information_schema |
+--------------------+
1 row in set (0.00 sec)
```

#### 답
- 원인: 역할(role)이 활성화 되지 않았기 때문이며, MySQL 서버의 역할이 자동으로 활성화되지 않게 설정되어있기 때문
- 해결 방법: 
    1. `SET ROLE 'role_srv_read';` 명령으로 역할 활성화
    2. `SET GLOBAL activate_all_roles_on_login=ON;` 명령으로 MySQL 서버에 로그인 시 역할 자동 활성화


### 2. 다음 쿼리문에 대한 설명으로 옳은 것을 고르시오.
```
mysql> GRANT SELECT,INSERT,DELETE,UPDATE(salary) ON employees.department TO 'ops02'@'localhsot';
```
- (1) ops02 계정은 employees 내부의 테이블에 대한 모든 권한을 가지고 있다.
- (2) ops02 계정은 employees 내부의 테이블과 스토어드 프로그램에 대한 모든 권한을 가지고 있다.
- (3) ops02 계정은 employees.department 테이블에서 salary 칼럼에 대해서만 SELECT,INSERT,DELETE,UPDATE가 가능하다.
- (4) ops02 계정은 employees.department 테이블에서 salary 칼럼은 UPDATE가 가능하고, 나머지 칼럼은 SELECT,INSERT,DELETE 가 가능하다.
- (5) ops02 계정은 employees.department 테이블에서 salary 칼럼은 UPDATE가 불가능하고, 나머지 칼럼은 SELECT,INSERT,DELETE,UPDATE 가 가능하다.

#### 답: 4번